column,raw_dtype,cleaned_dtype,missing_after_cleaning
member_id,object,object,0
age,float64,float64,700
gender,object,object,530
industry,object,object,693
country,object,object,429
is_team_account,bool,boolean,0
n_colleagues_on_account,int64,float64,565
plan_tier,object,object,105
plan_days_per_week,int64,float64,54
membership_start,object,object,0
membership_end,object,object,0
last_badge_swipe,object,object,0
days_since_last_visit,int64,float64,56
total_visits,int64,float64,42
avg_weekly_visits,float64,float64,0
entitled_visits_last_period,float64,float64,0
actual_visits_last_period,int64,float64,0
meeting_room_hours,float64,float64,1311
event_space_hours,float64,float64,8
guest_passes_issued,float64,float64,1276
uses_meeting_rooms,bool,boolean,0
uses_event_space,bool,boolean,0
uses_guest_passes,bool,boolean,0
uses_print,int64,boolean,0
uses_mail_handling,bool,boolean,0
uses_phone_booths,bool,boolean,0
uses_day_passes,bool,boolean,0
uses_storage,bool,boolean,0
uses_bike_locker,bool,boolean,0
n_renewals,int64,float64,66
lifetime_value,object,object,1166
