member_id,membership_start,membership_end,issue
CW000161,2021-10-25,2021-10-17,end_before_start
CW000284,2021-03-19,2021-03-12,end_before_start
CW000315,2021-08-17,2021-06-29,end_before_start
CW000498,2022-05-10,2022-02-10,end_before_start
CW000585,2022-09-20,2022-08-19,end_before_start
CW001018,2022-03-09,2021-12-17,end_before_start
CW001087,2021-06-26,2021-04-03,end_before_start
CW001125,2023-12-06,2023-10-01,end_before_start
CW001259,2022-03-10,2022-02-22,end_before_start
CW001281,2021-04-11,2021-03-24,end_before_start
CW001430,2021-01-01,2020-11-02,end_before_start
CW001509,2023-12-16,2023-10-11,end_before_start
CW001629,2023-11-29,2023-11-16,end_before_start
CW001774,2022-07-20,2022-05-22,end_before_start
CW001933,2023-07-21,2023-07-18,end_before_start
CW001945,2021-01-01,2020-12-11,end_before_start
CW001999,2023-10-16,2023-08-06,end_before_start
CW002063,2021-02-06,2021-02-02,end_before_start
CW002097,2021-06-20,2021-05-14,end_before_start
CW002098,2021-01-09,2020-11-20,end_before_start
CW002355,2023-01-30,2022-11-06,end_before_start
CW002597,2022-04-09,2022-01-23,end_before_start
CW002639,2021-05-23,2021-05-21,end_before_start
CW002891,2021-12-14,2021-12-04,end_before_start
CW002970,2021-08-13,2021-06-09,end_before_start
CW003172,2021-03-10,2020-12-30,end_before_start
CW015272,2023-07-28,2023-07-24,end_before_start
CW003359,2022-10-09,2022-08-14,end_before_start
CW003420,2021-12-08,2021-11-19,end_before_start
CW003635,2021-08-30,2021-06-20,end_before_start
CW003645,2022-02-17,2022-01-20,end_before_start
CW004053,2022-05-27,2022-03-26,end_before_start
CW004300,2023-10-12,2023-09-10,end_before_start
CW004317,2023-07-16,2023-05-31,end_before_start
CW004508,2022-08-15,2022-05-29,end_before_start
CW004630,2023-12-04,2023-10-07,end_before_start
CW004646,2022-11-07,2022-08-17,end_before_start
CW004688,2021-07-06,2021-06-13,end_before_start
CW004713,2021-04-25,2021-04-10,end_before_start
CW015408,2023-12-17,2023-10-24,end_before_start
CW004978,2021-07-16,2021-06-29,end_before_start
CW004989,2023-12-13,2023-10-06,end_before_start
CW005006,2022-07-02,2022-06-11,end_before_start
CW005061,2022-10-02,2022-07-11,end_before_start
CW005160,2023-12-01,2023-11-21,end_before_start
CW005416,2022-04-08,2022-03-10,end_before_start
CW005449,2022-02-27,2022-02-12,end_before_start
CW005527,2023-11-19,2023-11-13,end_before_start
CW005528,2021-03-05,2021-02-21,end_before_start
CW005803,2021-10-16,2021-09-24,end_before_start
CW005834,2021-05-18,2021-04-03,end_before_start
CW005932,2022-07-28,2022-05-18,end_before_start
CW006160,2022-11-26,2022-09-21,end_before_start
CW006232,2022-04-03,2022-01-21,end_before_start
CW006323,2021-01-20,2020-11-13,end_before_start
CW006381,2022-06-02,2022-05-01,end_before_start
CW006677,2022-10-28,2022-09-18,end_before_start
CW006761,2021-10-08,2021-09-11,end_before_start
CW006806,2021-09-11,2021-08-25,end_before_start
CW006830,2023-10-27,2023-10-10,end_before_start
CW006851,2021-09-17,2021-06-25,end_before_start
CW007052,2022-05-21,2022-03-20,end_before_start
CW007195,2023-10-10,2023-10-02,end_before_start
CW007248,2021-07-05,2021-05-29,end_before_start
CW015399,2021-09-20,2021-06-25,end_before_start
CW007568,2023-11-17,2023-09-03,end_before_start
CW007704,2021-11-02,2021-09-14,end_before_start
CW007798,2022-08-27,2022-07-29,end_before_start
CW007949,2023-05-14,2023-02-15,end_before_start
CW008156,2021-01-22,2020-10-29,end_before_start
CW008467,2022-02-01,2021-12-17,end_before_start
CW008507,2021-03-05,2021-03-01,end_before_start
CW008640,2021-12-02,2021-11-22,end_before_start
CW008664,2022-01-23,2021-11-27,end_before_start
CW008689,2022-04-25,2022-04-03,end_before_start
CW008789,2023-11-19,2023-11-17,end_before_start
CW008792,2022-03-09,2021-12-10,end_before_start
CW015220,2023-12-13,2023-11-16,end_before_start
CW008996,2021-02-15,2020-12-19,end_before_start
CW009178,2022-05-25,2022-05-22,end_before_start
CW009260,2021-01-01,2020-12-26,end_before_start
CW009346,2023-01-05,2022-11-02,end_before_start
CW009438,2021-11-21,2021-09-21,end_before_start
CW009655,2021-11-23,2021-10-23,end_before_start
CW009692,2023-12-23,2023-09-26,end_before_start
CW015406,2021-08-30,2021-06-20,end_before_start
CW009775,2021-01-01,2020-10-26,end_before_start
CW009799,2023-08-05,2023-07-25,end_before_start
CW009809,2021-12-26,2021-11-21,end_before_start
CW009913,2021-06-09,2021-03-17,end_before_start
CW009939,2021-02-26,2021-01-31,end_before_start
CW009973,2021-06-04,2021-04-21,end_before_start
CW010101,2023-07-28,2023-07-24,end_before_start
CW010103,2022-11-12,2022-08-27,end_before_start
CW010215,2021-09-21,2021-08-06,end_before_start
CW010304,2022-06-08,2022-05-06,end_before_start
CW010416,2023-12-17,2023-10-24,end_before_start
CW010439,2023-02-18,2023-01-24,end_before_start
CW010471,2021-01-01,2020-10-23,end_before_start
CW010479,2023-04-17,2023-02-04,end_before_start
CW010772,2021-09-07,2021-07-08,end_before_start
CW010977,2022-03-14,2021-12-17,end_before_start
CW011171,2022-04-09,2022-01-28,end_before_start
CW011218,2021-10-31,2021-08-19,end_before_start
CW011296,2022-01-24,2022-01-01,end_before_start
CW011396,2021-09-22,2021-08-20,end_before_start
CW011412,2021-09-20,2021-06-25,end_before_start
CW011496,2021-10-18,2021-10-05,end_before_start
CW011691,2022-12-15,2022-11-25,end_before_start
CW011719,2023-10-23,2023-10-03,end_before_start
CW011727,2022-07-22,2022-07-10,end_before_start
CW011779,2021-01-20,2021-01-08,end_before_start
CW011844,2022-09-23,2022-09-02,end_before_start
CW011930,2021-07-27,2021-07-09,end_before_start
CW011940,2023-01-28,2022-11-27,end_before_start
CW012039,2023-10-09,2023-07-27,end_before_start
CW012143,2023-02-10,2022-11-17,end_before_start
CW012238,2023-03-13,2023-02-28,end_before_start
CW012301,2021-02-22,2020-12-12,end_before_start
CW012517,2022-03-17,2022-01-28,end_before_start
CW012644,2022-09-13,2022-07-15,end_before_start
CW012691,2022-07-23,2022-05-28,end_before_start
CW012762,2021-04-18,2021-03-02,end_before_start
CW012827,2022-08-24,2022-08-01,end_before_start
CW012834,2021-07-15,2021-05-16,end_before_start
CW015216,2022-05-27,2022-03-26,end_before_start
CW012877,2023-12-13,2023-11-16,end_before_start
CW013097,2021-03-06,2020-12-11,end_before_start
CW013166,2021-03-23,2021-02-14,end_before_start
CW013225,2021-01-04,2020-12-04,end_before_start
CW013250,2021-01-01,2020-12-26,end_before_start
CW013300,2023-10-29,2023-09-10,end_before_start
CW013316,2021-07-29,2021-05-04,end_before_start
CW013339,2021-05-27,2021-05-02,end_before_start
CW013442,2022-02-09,2021-12-04,end_before_start
CW013640,2021-10-29,2021-08-09,end_before_start
CW013681,2022-01-19,2021-11-05,end_before_start
CW013742,2023-10-18,2023-08-28,end_before_start
CW013764,2022-10-17,2022-09-24,end_before_start
CW014198,2023-05-01,2023-03-05,end_before_start
CW014633,2023-11-26,2023-10-24,end_before_start
CW014670,2022-03-06,2021-12-18,end_before_start
CW014850,2023-08-10,2023-05-25,end_before_start
CW014983,2021-11-01,2021-10-04,end_before_start
