member_id,column,original_value,condition,min_allowed,max_allowed
CW000163,age,4.0,below_min,18,100
CW000174,age,3.0,below_min,18,100
CW000290,age,9.0,below_min,18,100
CW000299,age,8.0,below_min,18,100
CW000632,age,4.0,below_min,18,100
CW000981,age,4.0,below_min,18,100
CW001044,age,3.0,below_min,18,100
CW001278,age,1.0,below_min,18,100
CW001350,age,6.0,below_min,18,100
CW001433,age,3.0,below_min,18,100
CW001572,age,4.0,below_min,18,100
CW001580,age,2.0,below_min,18,100
CW001603,age,7.0,below_min,18,100
CW001726,age,4.0,below_min,18,100
CW002123,age,4.0,below_min,18,100
CW002375,age,4.0,below_min,18,100
CW002459,age,2.0,below_min,18,100
CW002626,age,3.0,below_min,18,100
CW002651,age,4.0,below_min,18,100
CW002740,age,6.0,below_min,18,100
CW002927,age,4.0,below_min,18,100
CW002934,age,2.0,below_min,18,100
CW003077,age,9.0,below_min,18,100
CW003143,age,3.0,below_min,18,100
CW003154,age,9.0,below_min,18,100
CW003202,age,9.0,below_min,18,100
CW003261,age,4.0,below_min,18,100
CW003558,age,5.0,below_min,18,100
CW003712,age,6.0,below_min,18,100
CW003725,age,7.0,below_min,18,100
CW003872,age,4.0,below_min,18,100
CW003920,age,4.0,below_min,18,100
CW003983,age,4.0,below_min,18,100
CW004004,age,14.0,below_min,18,100
CW004012,age,2.0,below_min,18,100
CW005007,age,4.0,below_min,18,100
CW005037,age,3.0,below_min,18,100
CW005085,age,3.0,below_min,18,100
CW005275,age,9.0,below_min,18,100
CW005362,age,3.0,below_min,18,100
CW005496,age,3.0,below_min,18,100
CW005504,age,4.0,below_min,18,100
CW005754,age,2.0,below_min,18,100
CW005804,age,3.0,below_min,18,100
CW006079,age,3.0,below_min,18,100
CW006179,age,4.0,below_min,18,100
CW006250,age,7.0,below_min,18,100
CW006305,age,6.0,below_min,18,100
CW006332,age,7.0,below_min,18,100
CW006526,age,2.0,below_min,18,100
CW006914,age,4.0,below_min,18,100
CW007051,age,1.0,below_min,18,100
CW007331,age,8.0,below_min,18,100
CW007598,age,3.0,below_min,18,100
CW007689,age,2.0,below_min,18,100
CW007811,age,3.0,below_min,18,100
CW007845,age,3.0,below_min,18,100
CW007848,age,4.0,below_min,18,100
CW007925,age,9.0,below_min,18,100
CW007987,age,3.0,below_min,18,100
CW008287,age,3.0,below_min,18,100
CW008628,age,4.0,below_min,18,100
CW008867,age,4.0,below_min,18,100
CW009196,age,6.0,below_min,18,100
CW009910,age,3.0,below_min,18,100
CW009956,age,9.0,below_min,18,100
CW010161,age,7.0,below_min,18,100
CW010209,age,4.0,below_min,18,100
CW010213,age,7.0,below_min,18,100
CW010257,age,4.0,below_min,18,100
CW010373,age,2.0,below_min,18,100
CW010412,age,7.0,below_min,18,100
CW010598,age,8.0,below_min,18,100
CW010621,age,5.0,below_min,18,100
CW010874,age,9.0,below_min,18,100
CW011005,age,3.0,below_min,18,100
CW011169,age,3.0,below_min,18,100
CW011182,age,5.0,below_min,18,100
CW011524,age,4.0,below_min,18,100
CW012409,age,5.0,below_min,18,100
CW012425,age,8.0,below_min,18,100
CW012956,age,8.0,below_min,18,100
CW013136,age,4.0,below_min,18,100
CW013159,age,4.0,below_min,18,100
CW013201,age,8.0,below_min,18,100
CW013492,age,9.0,below_min,18,100
CW013523,age,9.0,below_min,18,100
CW013538,age,3.0,below_min,18,100
CW013692,age,3.0,below_min,18,100
CW013790,age,3.0,below_min,18,100
CW014003,age,3.0,below_min,18,100
CW014143,age,3.0,below_min,18,100
CW014171,age,6.0,below_min,18,100
CW014276,age,3.0,below_min,18,100
CW014491,age,7.0,below_min,18,100
CW014612,age,9.0,below_min,18,100
CW014811,age,4.0,below_min,18,100
CW014830,age,3.0,below_min,18,100
CW000012,age,131.0,above_max,18,100
CW000417,age,132.0,above_max,18,100
CW001047,age,144.0,above_max,18,100
CW001469,age,141.0,above_max,18,100
CW001712,age,144.0,above_max,18,100
CW002150,age,137.0,above_max,18,100
CW002199,age,147.0,above_max,18,100
CW002406,age,140.0,above_max,18,100
CW002714,age,131.0,above_max,18,100
CW002763,age,142.0,above_max,18,100
CW002944,age,142.0,above_max,18,100
CW003272,age,145.0,above_max,18,100
CW003434,age,131.0,above_max,18,100
CW004443,age,132.0,above_max,18,100
CW004612,age,138.0,above_max,18,100
CW004936,age,136.0,above_max,18,100
CW005013,age,141.0,above_max,18,100
CW005318,age,141.0,above_max,18,100
CW005453,age,140.0,above_max,18,100
CW005627,age,146.0,above_max,18,100
CW005645,age,141.0,above_max,18,100
CW005668,age,134.0,above_max,18,100
CW005724,age,131.0,above_max,18,100
CW015173,age,131.0,above_max,18,100
CW006232,age,134.0,above_max,18,100
CW006719,age,134.0,above_max,18,100
CW007307,age,131.0,above_max,18,100
CW007948,age,141.0,above_max,18,100
CW009137,age,132.0,above_max,18,100
CW009282,age,134.0,above_max,18,100
CW009610,age,140.0,above_max,18,100
CW010114,age,143.0,above_max,18,100
CW010226,age,146.0,above_max,18,100
CW010304,age,141.0,above_max,18,100
CW010715,age,139.0,above_max,18,100
CW011018,age,131.0,above_max,18,100
CW011720,age,149.0,above_max,18,100
CW011862,age,136.0,above_max,18,100
CW011892,age,135.0,above_max,18,100
CW012025,age,135.0,above_max,18,100
CW012128,age,140.0,above_max,18,100
CW012727,age,141.0,above_max,18,100
CW013925,age,141.0,above_max,18,100
CW014348,age,135.0,above_max,18,100
CW014516,age,141.0,above_max,18,100
CW000035,n_colleagues_on_account,-1,below_min,0,10
CW000060,n_colleagues_on_account,-1,below_min,0,10
CW000074,n_colleagues_on_account,-1,below_min,0,10
CW015141,n_colleagues_on_account,-1,below_min,0,10
CW000098,n_colleagues_on_account,-1,below_min,0,10
CW000103,n_colleagues_on_account,-1,below_min,0,10
CW000129,n_colleagues_on_account,-1,below_min,0,10
CW000252,n_colleagues_on_account,-1,below_min,0,10
CW000260,n_colleagues_on_account,-1,below_min,0,10
CW000266,n_colleagues_on_account,-1,below_min,0,10
CW000280,n_colleagues_on_account,-1,below_min,0,10
CW000317,n_colleagues_on_account,-1,below_min,0,10
CW000386,n_colleagues_on_account,-1,below_min,0,10
CW000388,n_colleagues_on_account,-1,below_min,0,10
CW000419,n_colleagues_on_account,-1,below_min,0,10
CW000421,n_colleagues_on_account,-1,below_min,0,10
CW000424,n_colleagues_on_account,-1,below_min,0,10
CW015166,n_colleagues_on_account,-1,below_min,0,10
CW000503,n_colleagues_on_account,-1,below_min,0,10
CW000522,n_colleagues_on_account,-1,below_min,0,10
CW015291,n_colleagues_on_account,-1,below_min,0,10
CW000541,n_colleagues_on_account,-1,below_min,0,10
CW000566,n_colleagues_on_account,-1,below_min,0,10
CW000571,n_colleagues_on_account,-1,below_min,0,10
CW000611,n_colleagues_on_account,-1,below_min,0,10
CW000617,n_colleagues_on_account,-1,below_min,0,10
CW000629,n_colleagues_on_account,-1,below_min,0,10
CW000638,n_colleagues_on_account,-1,below_min,0,10
CW000691,n_colleagues_on_account,-1,below_min,0,10
CW000731,n_colleagues_on_account,-1,below_min,0,10
CW000744,n_colleagues_on_account,-1,below_min,0,10
CW000753,n_colleagues_on_account,-1,below_min,0,10
CW000770,n_colleagues_on_account,-1,below_min,0,10
CW000822,n_colleagues_on_account,-1,below_min,0,10
CW000826,n_colleagues_on_account,-1,below_min,0,10
CW000856,n_colleagues_on_account,-1,below_min,0,10
CW000877,n_colleagues_on_account,-1,below_min,0,10
CW000893,n_colleagues_on_account,-1,below_min,0,10
CW000894,n_colleagues_on_account,-1,below_min,0,10
CW000900,n_colleagues_on_account,-1,below_min,0,10
CW000910,n_colleagues_on_account,-1,below_min,0,10
CW000920,n_colleagues_on_account,-1,below_min,0,10
CW000941,n_colleagues_on_account,-1,below_min,0,10
CW001026,n_colleagues_on_account,-1,below_min,0,10
CW001046,n_colleagues_on_account,-1,below_min,0,10
CW001062,n_colleagues_on_account,-1,below_min,0,10
CW001073,n_colleagues_on_account,-1,below_min,0,10
CW001087,n_colleagues_on_account,-1,below_min,0,10
CW001090,n_colleagues_on_account,-1,below_min,0,10
CW001116,n_colleagues_on_account,-1,below_min,0,10
CW001130,n_colleagues_on_account,-1,below_min,0,10
CW001161,n_colleagues_on_account,-1,below_min,0,10
CW001164,n_colleagues_on_account,-1,below_min,0,10
CW001184,n_colleagues_on_account,-1,below_min,0,10
CW001216,n_colleagues_on_account,-1,below_min,0,10
CW001239,n_colleagues_on_account,-1,below_min,0,10
CW001306,n_colleagues_on_account,-1,below_min,0,10
CW001323,n_colleagues_on_account,-1,below_min,0,10
CW001325,n_colleagues_on_account,-1,below_min,0,10
CW001372,n_colleagues_on_account,-1,below_min,0,10
CW001397,n_colleagues_on_account,-1,below_min,0,10
CW001436,n_colleagues_on_account,-1,below_min,0,10
CW001461,n_colleagues_on_account,-1,below_min,0,10
CW001545,n_colleagues_on_account,-1,below_min,0,10
CW001549,n_colleagues_on_account,-1,below_min,0,10
CW001553,n_colleagues_on_account,-1,below_min,0,10
CW001559,n_colleagues_on_account,-1,below_min,0,10
CW001598,n_colleagues_on_account,-1,below_min,0,10
CW001611,n_colleagues_on_account,-1,below_min,0,10
CW001637,n_colleagues_on_account,-1,below_min,0,10
CW001640,n_colleagues_on_account,-1,below_min,0,10
CW001659,n_colleagues_on_account,-1,below_min,0,10
CW001667,n_colleagues_on_account,-1,below_min,0,10
CW001674,n_colleagues_on_account,-1,below_min,0,10
CW001683,n_colleagues_on_account,-1,below_min,0,10
CW001698,n_colleagues_on_account,-1,below_min,0,10
CW001734,n_colleagues_on_account,-1,below_min,0,10
CW001735,n_colleagues_on_account,-1,below_min,0,10
CW001771,n_colleagues_on_account,-1,below_min,0,10
CW001775,n_colleagues_on_account,-1,below_min,0,10
CW001818,n_colleagues_on_account,-1,below_min,0,10
CW001840,n_colleagues_on_account,-1,below_min,0,10
CW001841,n_colleagues_on_account,-1,below_min,0,10
CW001847,n_colleagues_on_account,-1,below_min,0,10
CW001861,n_colleagues_on_account,-1,below_min,0,10
CW001870,n_colleagues_on_account,-1,below_min,0,10
CW001883,n_colleagues_on_account,-1,below_min,0,10
CW001891,n_colleagues_on_account,-1,below_min,0,10
CW001917,n_colleagues_on_account,-1,below_min,0,10
CW002005,n_colleagues_on_account,-1,below_min,0,10
CW002024,n_colleagues_on_account,-1,below_min,0,10
CW002025,n_colleagues_on_account,-1,below_min,0,10
CW002047,n_colleagues_on_account,-1,below_min,0,10
CW002112,n_colleagues_on_account,-1,below_min,0,10
CW002118,n_colleagues_on_account,-1,below_min,0,10
CW015067,n_colleagues_on_account,-1,below_min,0,10
CW002143,n_colleagues_on_account,-1,below_min,0,10
CW002201,n_colleagues_on_account,-1,below_min,0,10
CW002206,n_colleagues_on_account,-1,below_min,0,10
CW002209,n_colleagues_on_account,-1,below_min,0,10
CW002281,n_colleagues_on_account,-1,below_min,0,10
CW002284,n_colleagues_on_account,-1,below_min,0,10
CW002360,n_colleagues_on_account,-1,below_min,0,10
CW002404,n_colleagues_on_account,-1,below_min,0,10
CW002419,n_colleagues_on_account,-1,below_min,0,10
CW002430,n_colleagues_on_account,-1,below_min,0,10
CW002449,n_colleagues_on_account,-1,below_min,0,10
CW015115,n_colleagues_on_account,-1,below_min,0,10
CW002465,n_colleagues_on_account,-1,below_min,0,10
CW002512,n_colleagues_on_account,-1,below_min,0,10
CW002567,n_colleagues_on_account,-1,below_min,0,10
CW002579,n_colleagues_on_account,-1,below_min,0,10
CW002592,n_colleagues_on_account,-1,below_min,0,10
CW002679,n_colleagues_on_account,-1,below_min,0,10
CW002686,n_colleagues_on_account,-1,below_min,0,10
CW002695,n_colleagues_on_account,-1,below_min,0,10
CW002702,n_colleagues_on_account,-1,below_min,0,10
CW002718,n_colleagues_on_account,-1,below_min,0,10
CW002735,n_colleagues_on_account,-1,below_min,0,10
CW002756,n_colleagues_on_account,-1,below_min,0,10
CW002805,n_colleagues_on_account,-1,below_min,0,10
CW002865,n_colleagues_on_account,-1,below_min,0,10
CW002877,n_colleagues_on_account,-1,below_min,0,10
CW002922,n_colleagues_on_account,-1,below_min,0,10
CW002943,n_colleagues_on_account,-1,below_min,0,10
CW002954,n_colleagues_on_account,-1,below_min,0,10
CW002956,n_colleagues_on_account,-1,below_min,0,10
CW002968,n_colleagues_on_account,-1,below_min,0,10
CW003014,n_colleagues_on_account,-1,below_min,0,10
CW003155,n_colleagues_on_account,-1,below_min,0,10
CW003242,n_colleagues_on_account,-1,below_min,0,10
CW003272,n_colleagues_on_account,-1,below_min,0,10
CW003273,n_colleagues_on_account,-1,below_min,0,10
CW003281,n_colleagues_on_account,-1,below_min,0,10
CW003299,n_colleagues_on_account,-1,below_min,0,10
CW003319,n_colleagues_on_account,-1,below_min,0,10
CW003396,n_colleagues_on_account,-1,below_min,0,10
CW003400,n_colleagues_on_account,-1,below_min,0,10
CW003417,n_colleagues_on_account,-1,below_min,0,10
CW003424,n_colleagues_on_account,-1,below_min,0,10
CW003481,n_colleagues_on_account,-1,below_min,0,10
CW003497,n_colleagues_on_account,-1,below_min,0,10
CW003544,n_colleagues_on_account,-1,below_min,0,10
CW003554,n_colleagues_on_account,-1,below_min,0,10
CW003671,n_colleagues_on_account,-1,below_min,0,10
CW003691,n_colleagues_on_account,-1,below_min,0,10
CW003714,n_colleagues_on_account,-1,below_min,0,10
CW003759,n_colleagues_on_account,-1,below_min,0,10
CW003780,n_colleagues_on_account,-1,below_min,0,10
CW003788,n_colleagues_on_account,-1,below_min,0,10
CW003797,n_colleagues_on_account,-1,below_min,0,10
CW003821,n_colleagues_on_account,-1,below_min,0,10
CW003842,n_colleagues_on_account,-1,below_min,0,10
CW003851,n_colleagues_on_account,-1,below_min,0,10
CW003861,n_colleagues_on_account,-1,below_min,0,10
CW003882,n_colleagues_on_account,-1,below_min,0,10
CW003896,n_colleagues_on_account,-1,below_min,0,10
CW003907,n_colleagues_on_account,-1,below_min,0,10
CW003922,n_colleagues_on_account,-1,below_min,0,10
CW003993,n_colleagues_on_account,-1,below_min,0,10
CW004000,n_colleagues_on_account,-1,below_min,0,10
CW004022,n_colleagues_on_account,-1,below_min,0,10
CW004038,n_colleagues_on_account,-1,below_min,0,10
CW004042,n_colleagues_on_account,-1,below_min,0,10
CW004046,n_colleagues_on_account,-1,below_min,0,10
CW004125,n_colleagues_on_account,-1,below_min,0,10
CW004207,n_colleagues_on_account,-1,below_min,0,10
CW004224,n_colleagues_on_account,-1,below_min,0,10
CW004295,n_colleagues_on_account,-1,below_min,0,10
CW004298,n_colleagues_on_account,-1,below_min,0,10
CW004349,n_colleagues_on_account,-1,below_min,0,10
CW004366,n_colleagues_on_account,-1,below_min,0,10
CW004392,n_colleagues_on_account,-1,below_min,0,10
CW004436,n_colleagues_on_account,-1,below_min,0,10
CW004504,n_colleagues_on_account,-1,below_min,0,10
CW004509,n_colleagues_on_account,-1,below_min,0,10
CW004521,n_colleagues_on_account,-1,below_min,0,10
CW004547,n_colleagues_on_account,-1,below_min,0,10
CW004560,n_colleagues_on_account,-1,below_min,0,10
CW004562,n_colleagues_on_account,-1,below_min,0,10
CW004566,n_colleagues_on_account,-1,below_min,0,10
CW004583,n_colleagues_on_account,-1,below_min,0,10
CW004595,n_colleagues_on_account,-1,below_min,0,10
CW015445,n_colleagues_on_account,-1,below_min,0,10
CW004674,n_colleagues_on_account,-1,below_min,0,10
CW004699,n_colleagues_on_account,-1,below_min,0,10
CW004736,n_colleagues_on_account,-1,below_min,0,10
CW004753,n_colleagues_on_account,-1,below_min,0,10
CW004761,n_colleagues_on_account,-1,below_min,0,10
CW004780,n_colleagues_on_account,-1,below_min,0,10
CW004816,n_colleagues_on_account,-1,below_min,0,10
CW004834,n_colleagues_on_account,-1,below_min,0,10
CW004909,n_colleagues_on_account,-1,below_min,0,10
CW004912,n_colleagues_on_account,-1,below_min,0,10
CW004979,n_colleagues_on_account,-1,below_min,0,10
CW005031,n_colleagues_on_account,-1,below_min,0,10
CW005081,n_colleagues_on_account,-1,below_min,0,10
CW005098,n_colleagues_on_account,-1,below_min,0,10
CW005102,n_colleagues_on_account,-1,below_min,0,10
CW005107,n_colleagues_on_account,-1,below_min,0,10
CW005117,n_colleagues_on_account,-1,below_min,0,10
CW005125,n_colleagues_on_account,-1,below_min,0,10
CW005142,n_colleagues_on_account,-1,below_min,0,10
CW005143,n_colleagues_on_account,-1,below_min,0,10
CW005207,n_colleagues_on_account,-1,below_min,0,10
CW005212,n_colleagues_on_account,-1,below_min,0,10
CW005214,n_colleagues_on_account,-1,below_min,0,10
CW005215,n_colleagues_on_account,-1,below_min,0,10
CW005232,n_colleagues_on_account,-1,below_min,0,10
CW005241,n_colleagues_on_account,-1,below_min,0,10
CW005264,n_colleagues_on_account,-1,below_min,0,10
CW005277,n_colleagues_on_account,-1,below_min,0,10
CW005284,n_colleagues_on_account,-1,below_min,0,10
CW005293,n_colleagues_on_account,-1,below_min,0,10
CW005298,n_colleagues_on_account,-1,below_min,0,10
CW005319,n_colleagues_on_account,-1,below_min,0,10
CW005431,n_colleagues_on_account,-1,below_min,0,10
CW005438,n_colleagues_on_account,-1,below_min,0,10
CW005453,n_colleagues_on_account,-1,below_min,0,10
CW005499,n_colleagues_on_account,-1,below_min,0,10
CW005537,n_colleagues_on_account,-1,below_min,0,10
CW005558,n_colleagues_on_account,-1,below_min,0,10
CW005559,n_colleagues_on_account,-1,below_min,0,10
CW005585,n_colleagues_on_account,-1,below_min,0,10
CW005600,n_colleagues_on_account,-1,below_min,0,10
CW005623,n_colleagues_on_account,-1,below_min,0,10
CW005636,n_colleagues_on_account,-1,below_min,0,10
CW005637,n_colleagues_on_account,-1,below_min,0,10
CW005650,n_colleagues_on_account,-1,below_min,0,10
CW005662,n_colleagues_on_account,-1,below_min,0,10
CW005668,n_colleagues_on_account,-1,below_min,0,10
CW005685,n_colleagues_on_account,-1,below_min,0,10
CW005718,n_colleagues_on_account,-1,below_min,0,10
CW005746,n_colleagues_on_account,-1,below_min,0,10
CW005768,n_colleagues_on_account,-1,below_min,0,10
CW005786,n_colleagues_on_account,-1,below_min,0,10
CW005790,n_colleagues_on_account,-1,below_min,0,10
CW005795,n_colleagues_on_account,-1,below_min,0,10
CW005797,n_colleagues_on_account,-1,below_min,0,10
CW005824,n_colleagues_on_account,-1,below_min,0,10
CW005840,n_colleagues_on_account,-1,below_min,0,10
CW005858,n_colleagues_on_account,-1,below_min,0,10
CW005868,n_colleagues_on_account,-1,below_min,0,10
CW005963,n_colleagues_on_account,-1,below_min,0,10
CW005975,n_colleagues_on_account,-1,below_min,0,10
CW005987,n_colleagues_on_account,-1,below_min,0,10
CW005998,n_colleagues_on_account,-1,below_min,0,10
CW006028,n_colleagues_on_account,-1,below_min,0,10
CW006031,n_colleagues_on_account,-1,below_min,0,10
CW006041,n_colleagues_on_account,-1,below_min,0,10
CW006051,n_colleagues_on_account,-1,below_min,0,10
CW006061,n_colleagues_on_account,-1,below_min,0,10
CW006069,n_colleagues_on_account,-1,below_min,0,10
CW006087,n_colleagues_on_account,-1,below_min,0,10
CW006103,n_colleagues_on_account,-1,below_min,0,10
CW006112,n_colleagues_on_account,-1,below_min,0,10
CW006121,n_colleagues_on_account,-1,below_min,0,10
CW006163,n_colleagues_on_account,-1,below_min,0,10
CW006187,n_colleagues_on_account,-1,below_min,0,10
CW006191,n_colleagues_on_account,-1,below_min,0,10
CW006233,n_colleagues_on_account,-1,below_min,0,10
CW006240,n_colleagues_on_account,-1,below_min,0,10
CW006273,n_colleagues_on_account,-1,below_min,0,10
CW006291,n_colleagues_on_account,-1,below_min,0,10
CW006380,n_colleagues_on_account,-1,below_min,0,10
CW006391,n_colleagues_on_account,-1,below_min,0,10
CW006416,n_colleagues_on_account,-1,below_min,0,10
CW006444,n_colleagues_on_account,-1,below_min,0,10
CW006480,n_colleagues_on_account,-1,below_min,0,10
CW006556,n_colleagues_on_account,-1,below_min,0,10
CW006580,n_colleagues_on_account,-1,below_min,0,10
CW006605,n_colleagues_on_account,-1,below_min,0,10
CW006729,n_colleagues_on_account,-1,below_min,0,10
CW006763,n_colleagues_on_account,-1,below_min,0,10
CW006772,n_colleagues_on_account,-1,below_min,0,10
CW006839,n_colleagues_on_account,-1,below_min,0,10
CW006866,n_colleagues_on_account,-1,below_min,0,10
CW006913,n_colleagues_on_account,-1,below_min,0,10
CW006958,n_colleagues_on_account,-1,below_min,0,10
CW006968,n_colleagues_on_account,-1,below_min,0,10
CW006970,n_colleagues_on_account,-1,below_min,0,10
CW007003,n_colleagues_on_account,-1,below_min,0,10
CW007009,n_colleagues_on_account,-1,below_min,0,10
CW007043,n_colleagues_on_account,-1,below_min,0,10
CW007050,n_colleagues_on_account,-1,below_min,0,10
CW007079,n_colleagues_on_account,-1,below_min,0,10
CW007085,n_colleagues_on_account,-1,below_min,0,10
CW007127,n_colleagues_on_account,-1,below_min,0,10
CW007129,n_colleagues_on_account,-1,below_min,0,10
CW007151,n_colleagues_on_account,-1,below_min,0,10
CW007173,n_colleagues_on_account,-1,below_min,0,10
CW007177,n_colleagues_on_account,-1,below_min,0,10
CW007183,n_colleagues_on_account,-1,below_min,0,10
CW007186,n_colleagues_on_account,-1,below_min,0,10
CW007229,n_colleagues_on_account,-1,below_min,0,10
CW007259,n_colleagues_on_account,-1,below_min,0,10
CW015428,n_colleagues_on_account,-1,below_min,0,10
CW007307,n_colleagues_on_account,-1,below_min,0,10
CW007322,n_colleagues_on_account,-1,below_min,0,10
CW007363,n_colleagues_on_account,-1,below_min,0,10
CW007391,n_colleagues_on_account,-1,below_min,0,10
CW007473,n_colleagues_on_account,-1,below_min,0,10
CW007498,n_colleagues_on_account,-1,below_min,0,10
CW007517,n_colleagues_on_account,-1,below_min,0,10
CW007525,n_colleagues_on_account,-1,below_min,0,10
CW007550,n_colleagues_on_account,-1,below_min,0,10
CW007673,n_colleagues_on_account,-1,below_min,0,10
CW007705,n_colleagues_on_account,-1,below_min,0,10
CW007765,n_colleagues_on_account,-1,below_min,0,10
CW007799,n_colleagues_on_account,-1,below_min,0,10
CW007830,n_colleagues_on_account,-1,below_min,0,10
CW007876,n_colleagues_on_account,-1,below_min,0,10
CW007926,n_colleagues_on_account,-1,below_min,0,10
CW007929,n_colleagues_on_account,-1,below_min,0,10
CW007951,n_colleagues_on_account,-1,below_min,0,10
CW007977,n_colleagues_on_account,-1,below_min,0,10
CW007993,n_colleagues_on_account,-1,below_min,0,10
CW007995,n_colleagues_on_account,-1,below_min,0,10
CW008059,n_colleagues_on_account,-1,below_min,0,10
CW008135,n_colleagues_on_account,-1,below_min,0,10
CW008137,n_colleagues_on_account,-1,below_min,0,10
CW008145,n_colleagues_on_account,-1,below_min,0,10
CW008174,n_colleagues_on_account,-1,below_min,0,10
CW008188,n_colleagues_on_account,-1,below_min,0,10
CW008203,n_colleagues_on_account,-1,below_min,0,10
CW008212,n_colleagues_on_account,-1,below_min,0,10
CW008240,n_colleagues_on_account,-1,below_min,0,10
CW008255,n_colleagues_on_account,-1,below_min,0,10
CW008290,n_colleagues_on_account,-1,below_min,0,10
CW008304,n_colleagues_on_account,-1,below_min,0,10
CW008419,n_colleagues_on_account,-1,below_min,0,10
CW008442,n_colleagues_on_account,-1,below_min,0,10
CW008455,n_colleagues_on_account,-1,below_min,0,10
CW008492,n_colleagues_on_account,-1,below_min,0,10
CW008552,n_colleagues_on_account,-1,below_min,0,10
CW008596,n_colleagues_on_account,-1,below_min,0,10
CW008618,n_colleagues_on_account,-1,below_min,0,10
CW008665,n_colleagues_on_account,-1,below_min,0,10
CW008700,n_colleagues_on_account,-1,below_min,0,10
CW008727,n_colleagues_on_account,-1,below_min,0,10
CW008754,n_colleagues_on_account,-1,below_min,0,10
CW008762,n_colleagues_on_account,-1,below_min,0,10
CW008811,n_colleagues_on_account,-1,below_min,0,10
CW008822,n_colleagues_on_account,-1,below_min,0,10
CW008906,n_colleagues_on_account,-1,below_min,0,10
CW015031,n_colleagues_on_account,-1,below_min,0,10
CW008964,n_colleagues_on_account,-1,below_min,0,10
CW008974,n_colleagues_on_account,-1,below_min,0,10
CW008977,n_colleagues_on_account,-1,below_min,0,10
CW008980,n_colleagues_on_account,-1,below_min,0,10
CW009040,n_colleagues_on_account,-1,below_min,0,10
CW009043,n_colleagues_on_account,-1,below_min,0,10
CW009137,n_colleagues_on_account,-1,below_min,0,10
CW009143,n_colleagues_on_account,-1,below_min,0,10
CW009151,n_colleagues_on_account,-1,below_min,0,10
CW009175,n_colleagues_on_account,-1,below_min,0,10
CW009192,n_colleagues_on_account,-1,below_min,0,10
CW009203,n_colleagues_on_account,-1,below_min,0,10
CW009231,n_colleagues_on_account,-1,below_min,0,10
CW009321,n_colleagues_on_account,-1,below_min,0,10
CW009353,n_colleagues_on_account,-1,below_min,0,10
CW009358,n_colleagues_on_account,-1,below_min,0,10
CW009385,n_colleagues_on_account,-1,below_min,0,10
CW009424,n_colleagues_on_account,-1,below_min,0,10
CW009505,n_colleagues_on_account,-1,below_min,0,10
CW009519,n_colleagues_on_account,-1,below_min,0,10
CW009563,n_colleagues_on_account,-1,below_min,0,10
CW009628,n_colleagues_on_account,-1,below_min,0,10
CW009653,n_colleagues_on_account,-1,below_min,0,10
CW009671,n_colleagues_on_account,-1,below_min,0,10
CW009726,n_colleagues_on_account,-1,below_min,0,10
CW009739,n_colleagues_on_account,-1,below_min,0,10
CW009741,n_colleagues_on_account,-1,below_min,0,10
CW009780,n_colleagues_on_account,-1,below_min,0,10
CW009858,n_colleagues_on_account,-1,below_min,0,10
CW009863,n_colleagues_on_account,-1,below_min,0,10
CW009888,n_colleagues_on_account,-1,below_min,0,10
CW009917,n_colleagues_on_account,-1,below_min,0,10
CW009987,n_colleagues_on_account,-1,below_min,0,10
CW010100,n_colleagues_on_account,-1,below_min,0,10
CW010119,n_colleagues_on_account,-1,below_min,0,10
CW010131,n_colleagues_on_account,-1,below_min,0,10
CW010151,n_colleagues_on_account,-1,below_min,0,10
CW010161,n_colleagues_on_account,-1,below_min,0,10
CW010168,n_colleagues_on_account,-1,below_min,0,10
CW010202,n_colleagues_on_account,-1,below_min,0,10
CW010212,n_colleagues_on_account,-1,below_min,0,10
CW010228,n_colleagues_on_account,-1,below_min,0,10
CW010229,n_colleagues_on_account,-1,below_min,0,10
CW010254,n_colleagues_on_account,-1,below_min,0,10
CW010331,n_colleagues_on_account,-1,below_min,0,10
CW010345,n_colleagues_on_account,-1,below_min,0,10
CW010348,n_colleagues_on_account,-1,below_min,0,10
CW010361,n_colleagues_on_account,-1,below_min,0,10
CW010384,n_colleagues_on_account,-1,below_min,0,10
CW010397,n_colleagues_on_account,-1,below_min,0,10
CW010398,n_colleagues_on_account,-1,below_min,0,10
CW010404,n_colleagues_on_account,-1,below_min,0,10
CW010412,n_colleagues_on_account,-1,below_min,0,10
CW015191,n_colleagues_on_account,-1,below_min,0,10
CW010470,n_colleagues_on_account,-1,below_min,0,10
CW010496,n_colleagues_on_account,-1,below_min,0,10
CW010513,n_colleagues_on_account,-1,below_min,0,10
CW010516,n_colleagues_on_account,-1,below_min,0,10
CW010552,n_colleagues_on_account,-1,below_min,0,10
CW010622,n_colleagues_on_account,-1,below_min,0,10
CW010643,n_colleagues_on_account,-1,below_min,0,10
CW010728,n_colleagues_on_account,-1,below_min,0,10
CW010761,n_colleagues_on_account,-1,below_min,0,10
CW010788,n_colleagues_on_account,-1,below_min,0,10
CW010854,n_colleagues_on_account,-1,below_min,0,10
CW010868,n_colleagues_on_account,-1,below_min,0,10
CW010879,n_colleagues_on_account,-1,below_min,0,10
CW010912,n_colleagues_on_account,-1,below_min,0,10
CW010933,n_colleagues_on_account,-1,below_min,0,10
CW010944,n_colleagues_on_account,-1,below_min,0,10
CW010954,n_colleagues_on_account,-1,below_min,0,10
CW010957,n_colleagues_on_account,-1,below_min,0,10
CW011056,n_colleagues_on_account,-1,below_min,0,10
CW011076,n_colleagues_on_account,-1,below_min,0,10
CW011110,n_colleagues_on_account,-1,below_min,0,10
CW011124,n_colleagues_on_account,-1,below_min,0,10
CW011132,n_colleagues_on_account,-1,below_min,0,10
CW011153,n_colleagues_on_account,-1,below_min,0,10
CW011176,n_colleagues_on_account,-1,below_min,0,10
CW011193,n_colleagues_on_account,-1,below_min,0,10
CW011239,n_colleagues_on_account,-1,below_min,0,10
CW011272,n_colleagues_on_account,-1,below_min,0,10
CW011375,n_colleagues_on_account,-1,below_min,0,10
CW011381,n_colleagues_on_account,-1,below_min,0,10
CW011385,n_colleagues_on_account,-1,below_min,0,10
CW011408,n_colleagues_on_account,-1,below_min,0,10
CW011463,n_colleagues_on_account,-1,below_min,0,10
CW011515,n_colleagues_on_account,-1,below_min,0,10
CW011526,n_colleagues_on_account,-1,below_min,0,10
CW011539,n_colleagues_on_account,-1,below_min,0,10
CW011544,n_colleagues_on_account,-1,below_min,0,10
CW011546,n_colleagues_on_account,-1,below_min,0,10
CW011568,n_colleagues_on_account,-1,below_min,0,10
CW011575,n_colleagues_on_account,-1,below_min,0,10
CW011610,n_colleagues_on_account,-1,below_min,0,10
CW011625,n_colleagues_on_account,-1,below_min,0,10
CW011684,n_colleagues_on_account,-1,below_min,0,10
CW011686,n_colleagues_on_account,-1,below_min,0,10
CW011689,n_colleagues_on_account,-1,below_min,0,10
CW011738,n_colleagues_on_account,-1,below_min,0,10
CW011782,n_colleagues_on_account,-1,below_min,0,10
CW011787,n_colleagues_on_account,-1,below_min,0,10
CW011814,n_colleagues_on_account,-1,below_min,0,10
CW011817,n_colleagues_on_account,-1,below_min,0,10
CW011825,n_colleagues_on_account,-1,below_min,0,10
CW011831,n_colleagues_on_account,-1,below_min,0,10
CW011834,n_colleagues_on_account,-1,below_min,0,10
CW011863,n_colleagues_on_account,-1,below_min,0,10
CW011912,n_colleagues_on_account,-1,below_min,0,10
CW011934,n_colleagues_on_account,-1,below_min,0,10
CW011936,n_colleagues_on_account,-1,below_min,0,10
CW011950,n_colleagues_on_account,-1,below_min,0,10
CW011978,n_colleagues_on_account,-1,below_min,0,10
CW011988,n_colleagues_on_account,-1,below_min,0,10
CW011999,n_colleagues_on_account,-1,below_min,0,10
CW012039,n_colleagues_on_account,-1,below_min,0,10
CW012047,n_colleagues_on_account,-1,below_min,0,10
CW012051,n_colleagues_on_account,-1,below_min,0,10
CW012075,n_colleagues_on_account,-1,below_min,0,10
CW012178,n_colleagues_on_account,-1,below_min,0,10
CW012226,n_colleagues_on_account,-1,below_min,0,10
CW012263,n_colleagues_on_account,-1,below_min,0,10
CW012290,n_colleagues_on_account,-1,below_min,0,10
CW012307,n_colleagues_on_account,-1,below_min,0,10
CW012318,n_colleagues_on_account,-1,below_min,0,10
CW015165,n_colleagues_on_account,-1,below_min,0,10
CW012350,n_colleagues_on_account,-1,below_min,0,10
CW012373,n_colleagues_on_account,-1,below_min,0,10
CW012401,n_colleagues_on_account,-1,below_min,0,10
CW012417,n_colleagues_on_account,-1,below_min,0,10
CW012462,n_colleagues_on_account,-1,below_min,0,10
CW012493,n_colleagues_on_account,-1,below_min,0,10
CW012526,n_colleagues_on_account,-1,below_min,0,10
CW012527,n_colleagues_on_account,-1,below_min,0,10
CW012548,n_colleagues_on_account,-1,below_min,0,10
CW012565,n_colleagues_on_account,-1,below_min,0,10
CW012580,n_colleagues_on_account,-1,below_min,0,10
CW012590,n_colleagues_on_account,-1,below_min,0,10
CW012614,n_colleagues_on_account,-1,below_min,0,10
CW012653,n_colleagues_on_account,-1,below_min,0,10
CW012680,n_colleagues_on_account,-1,below_min,0,10
CW012699,n_colleagues_on_account,-1,below_min,0,10
CW012708,n_colleagues_on_account,-1,below_min,0,10
CW012743,n_colleagues_on_account,-1,below_min,0,10
CW012827,n_colleagues_on_account,-1,below_min,0,10
CW012836,n_colleagues_on_account,-1,below_min,0,10
CW012847,n_colleagues_on_account,-1,below_min,0,10
CW012911,n_colleagues_on_account,-1,below_min,0,10
CW012942,n_colleagues_on_account,-1,below_min,0,10
CW012949,n_colleagues_on_account,-1,below_min,0,10
CW012954,n_colleagues_on_account,-1,below_min,0,10
CW012979,n_colleagues_on_account,-1,below_min,0,10
CW013023,n_colleagues_on_account,-1,below_min,0,10
CW013024,n_colleagues_on_account,-1,below_min,0,10
CW013060,n_colleagues_on_account,-1,below_min,0,10
CW013080,n_colleagues_on_account,-1,below_min,0,10
CW013141,n_colleagues_on_account,-1,below_min,0,10
CW013147,n_colleagues_on_account,-1,below_min,0,10
CW013153,n_colleagues_on_account,-1,below_min,0,10
CW013161,n_colleagues_on_account,-1,below_min,0,10
CW013172,n_colleagues_on_account,-1,below_min,0,10
CW013184,n_colleagues_on_account,-1,below_min,0,10
CW013281,n_colleagues_on_account,-1,below_min,0,10
CW013293,n_colleagues_on_account,-1,below_min,0,10
CW013307,n_colleagues_on_account,-1,below_min,0,10
CW013338,n_colleagues_on_account,-1,below_min,0,10
CW013351,n_colleagues_on_account,-1,below_min,0,10
CW013395,n_colleagues_on_account,-1,below_min,0,10
CW013404,n_colleagues_on_account,-1,below_min,0,10
CW013482,n_colleagues_on_account,-1,below_min,0,10
CW013514,n_colleagues_on_account,-1,below_min,0,10
CW013577,n_colleagues_on_account,-1,below_min,0,10
CW013616,n_colleagues_on_account,-1,below_min,0,10
CW013618,n_colleagues_on_account,-1,below_min,0,10
CW013661,n_colleagues_on_account,-1,below_min,0,10
CW013721,n_colleagues_on_account,-1,below_min,0,10
CW013742,n_colleagues_on_account,-1,below_min,0,10
CW013780,n_colleagues_on_account,-1,below_min,0,10
CW013795,n_colleagues_on_account,-1,below_min,0,10
CW013833,n_colleagues_on_account,-1,below_min,0,10
CW013834,n_colleagues_on_account,-1,below_min,0,10
CW013854,n_colleagues_on_account,-1,below_min,0,10
CW013863,n_colleagues_on_account,-1,below_min,0,10
CW013871,n_colleagues_on_account,-1,below_min,0,10
CW013881,n_colleagues_on_account,-1,below_min,0,10
CW013920,n_colleagues_on_account,-1,below_min,0,10
CW014013,n_colleagues_on_account,-1,below_min,0,10
CW014019,n_colleagues_on_account,-1,below_min,0,10
CW014064,n_colleagues_on_account,-1,below_min,0,10
CW014093,n_colleagues_on_account,-1,below_min,0,10
CW014108,n_colleagues_on_account,-1,below_min,0,10
CW014162,n_colleagues_on_account,-1,below_min,0,10
CW014198,n_colleagues_on_account,-1,below_min,0,10
CW014208,n_colleagues_on_account,-1,below_min,0,10
CW014232,n_colleagues_on_account,-1,below_min,0,10
CW014241,n_colleagues_on_account,-1,below_min,0,10
CW014298,n_colleagues_on_account,-1,below_min,0,10
CW014359,n_colleagues_on_account,-1,below_min,0,10
CW015151,n_colleagues_on_account,-1,below_min,0,10
CW014485,n_colleagues_on_account,-1,below_min,0,10
CW014563,n_colleagues_on_account,-1,below_min,0,10
CW014572,n_colleagues_on_account,-1,below_min,0,10
CW014598,n_colleagues_on_account,-1,below_min,0,10
CW014600,n_colleagues_on_account,-1,below_min,0,10
CW014644,n_colleagues_on_account,-1,below_min,0,10
CW014657,n_colleagues_on_account,-1,below_min,0,10
CW014669,n_colleagues_on_account,-1,below_min,0,10
CW014674,n_colleagues_on_account,-1,below_min,0,10
CW014691,n_colleagues_on_account,-1,below_min,0,10
CW014711,n_colleagues_on_account,-1,below_min,0,10
CW014743,n_colleagues_on_account,-1,below_min,0,10
CW014781,n_colleagues_on_account,-1,below_min,0,10
CW014858,n_colleagues_on_account,-1,below_min,0,10
CW014864,n_colleagues_on_account,-1,below_min,0,10
CW014868,n_colleagues_on_account,-1,below_min,0,10
CW014882,n_colleagues_on_account,-1,below_min,0,10
CW014926,n_colleagues_on_account,-1,below_min,0,10
CW014971,n_colleagues_on_account,-1,below_min,0,10
CW014984,n_colleagues_on_account,-1,below_min,0,10
CW000146,plan_days_per_week,9,above_max,0,7
CW000386,plan_days_per_week,9,above_max,0,7
CW000702,plan_days_per_week,9,above_max,0,7
CW000864,plan_days_per_week,9,above_max,0,7
CW001028,plan_days_per_week,9,above_max,0,7
CW001331,plan_days_per_week,9,above_max,0,7
CW002006,plan_days_per_week,9,above_max,0,7
CW002476,plan_days_per_week,9,above_max,0,7
CW002492,plan_days_per_week,9,above_max,0,7
CW002643,plan_days_per_week,9,above_max,0,7
CW002659,plan_days_per_week,9,above_max,0,7
CW002814,plan_days_per_week,9,above_max,0,7
CW002848,plan_days_per_week,9,above_max,0,7
CW002861,plan_days_per_week,9,above_max,0,7
CW003153,plan_days_per_week,9,above_max,0,7
CW003181,plan_days_per_week,9,above_max,0,7
CW003236,plan_days_per_week,9,above_max,0,7
CW003869,plan_days_per_week,9,above_max,0,7
CW004130,plan_days_per_week,9,above_max,0,7
CW004546,plan_days_per_week,9,above_max,0,7
CW004577,plan_days_per_week,9,above_max,0,7
CW004850,plan_days_per_week,9,above_max,0,7
CW005099,plan_days_per_week,9,above_max,0,7
CW005252,plan_days_per_week,9,above_max,0,7
CW005540,plan_days_per_week,9,above_max,0,7
CW006019,plan_days_per_week,9,above_max,0,7
CW006272,plan_days_per_week,9,above_max,0,7
CW006434,plan_days_per_week,9,above_max,0,7
CW007189,plan_days_per_week,9,above_max,0,7
CW007316,plan_days_per_week,9,above_max,0,7
CW007331,plan_days_per_week,9,above_max,0,7
CW015402,plan_days_per_week,9,above_max,0,7
CW007945,plan_days_per_week,9,above_max,0,7
CW008396,plan_days_per_week,9,above_max,0,7
CW008549,plan_days_per_week,9,above_max,0,7
CW008807,plan_days_per_week,9,above_max,0,7
CW008914,plan_days_per_week,9,above_max,0,7
CW009230,plan_days_per_week,9,above_max,0,7
CW009883,plan_days_per_week,9,above_max,0,7
CW015062,plan_days_per_week,9,above_max,0,7
CW010658,plan_days_per_week,9,above_max,0,7
CW011101,plan_days_per_week,9,above_max,0,7
CW012800,plan_days_per_week,9,above_max,0,7
CW013048,plan_days_per_week,9,above_max,0,7
CW013099,plan_days_per_week,9,above_max,0,7
CW013766,plan_days_per_week,9,above_max,0,7
CW013790,plan_days_per_week,9,above_max,0,7
CW013812,plan_days_per_week,9,above_max,0,7
CW014037,plan_days_per_week,9,above_max,0,7
CW014700,plan_days_per_week,9,above_max,0,7
CW014903,plan_days_per_week,9,above_max,0,7
CW014933,plan_days_per_week,9,above_max,0,7
CW014967,plan_days_per_week,9,above_max,0,7
CW015000,plan_days_per_week,9,above_max,0,7
CW000001,days_since_last_visit,-17,below_min,0,1300
CW000480,days_since_last_visit,-240,below_min,0,1300
CW000498,days_since_last_visit,-643,below_min,0,1300
CW000541,days_since_last_visit,-102,below_min,0,1300
CW000788,days_since_last_visit,-101,below_min,0,1300
CW001018,days_since_last_visit,-734,below_min,0,1300
CW001384,days_since_last_visit,-38,below_min,0,1300
CW001474,days_since_last_visit,-88,below_min,0,1300
CW001483,days_since_last_visit,-103,below_min,0,1300
CW001509,days_since_last_visit,-67,below_min,0,1300
CW001999,days_since_last_visit,-137,below_min,0,1300
CW002097,days_since_last_visit,-451,below_min,0,1300
CW002639,days_since_last_visit,-712,below_min,0,1300
CW002891,days_since_last_visit,-99,below_min,0,1300
CW003372,days_since_last_visit,-28,below_min,0,1300
CW003645,days_since_last_visit,-28,below_min,0,1300
CW004332,days_since_last_visit,-22,below_min,0,1300
CW004517,days_since_last_visit,-17,below_min,0,1300
CW004630,days_since_last_visit,-59,below_min,0,1300
CW004714,days_since_last_visit,-49,below_min,0,1300
CW005160,days_since_last_visit,-36,below_min,0,1300
CW005416,days_since_last_visit,-30,below_min,0,1300
CW005794,days_since_last_visit,-78,below_min,0,1300
CW005803,days_since_last_visit,-73,below_min,0,1300
CW005932,days_since_last_visit,-395,below_min,0,1300
CW006128,days_since_last_visit,-16,below_min,0,1300
CW006381,days_since_last_visit,-33,below_min,0,1300
CW006516,days_since_last_visit,-118,below_min,0,1300
CW006677,days_since_last_visit,-106,below_min,0,1300
CW007248,days_since_last_visit,-805,below_min,0,1300
CW007709,days_since_last_visit,-52,below_min,0,1300
CW007780,days_since_last_visit,-5,below_min,0,1300
CW008551,days_since_last_visit,-59,below_min,0,1300
CW008640,days_since_last_visit,-10,below_min,0,1300
CW008996,days_since_last_visit,-721,below_min,0,1300
CW009178,days_since_last_visit,-3,below_min,0,1300
CW009213,days_since_last_visit,-66,below_min,0,1300
CW009374,days_since_last_visit,-168,below_min,0,1300
CW009438,days_since_last_visit,-65,below_min,0,1300
CW009809,days_since_last_visit,-143,below_min,0,1300
CW009816,days_since_last_visit,-23,below_min,0,1300
CW009913,days_since_last_visit,-563,below_min,0,1300
CW010147,days_since_last_visit,-87,below_min,0,1300
CW010772,days_since_last_visit,-903,below_min,0,1300
CW011171,days_since_last_visit,-121,below_min,0,1300
CW011844,days_since_last_visit,-62,below_min,0,1300
CW012517,days_since_last_visit,-528,below_min,0,1300
CW012691,days_since_last_visit,-300,below_min,0,1300
CW013250,days_since_last_visit,-956,below_min,0,1300
CW013640,days_since_last_visit,-779,below_min,0,1300
CW014198,days_since_last_visit,-295,below_min,0,1300
CW014499,days_since_last_visit,-60,below_min,0,1300
CW014633,days_since_last_visit,-65,below_min,0,1300
CW014670,days_since_last_visit,-381,below_min,0,1300
CW014692,days_since_last_visit,-18,below_min,0,1300
CW014973,days_since_last_visit,-102,below_min,0,1300
CW000060,total_visits,-44,below_min,0,6600
CW000785,total_visits,-22,below_min,0,6600
CW001903,total_visits,-67,below_min,0,6600
CW001951,total_visits,-4,below_min,0,6600
CW002180,total_visits,-64,below_min,0,6600
CW002335,total_visits,-10,below_min,0,6600
CW002665,total_visits,-17,below_min,0,6600
CW003672,total_visits,-13,below_min,0,6600
CW004440,total_visits,-15,below_min,0,6600
CW004709,total_visits,-112,below_min,0,6600
CW005261,total_visits,-49,below_min,0,6600
CW005685,total_visits,-19,below_min,0,6600
CW006111,total_visits,-2,below_min,0,6600
CW006340,total_visits,-6,below_min,0,6600
CW006398,total_visits,-47,below_min,0,6600
CW006463,total_visits,-11,below_min,0,6600
CW006496,total_visits,-75,below_min,0,6600
CW006704,total_visits,-11,below_min,0,6600
CW006871,total_visits,-52,below_min,0,6600
CW007472,total_visits,-28,below_min,0,6600
CW007533,total_visits,-88,below_min,0,6600
CW007860,total_visits,-40,below_min,0,6600
CW008341,total_visits,-49,below_min,0,6600
CW008418,total_visits,-16,below_min,0,6600
CW008510,total_visits,-102,below_min,0,6600
CW010077,total_visits,-2,below_min,0,6600
CW010111,total_visits,-11,below_min,0,6600
CW010197,total_visits,-77,below_min,0,6600
CW010662,total_visits,-1,below_min,0,6600
CW011019,total_visits,-48,below_min,0,6600
CW011178,total_visits,-19,below_min,0,6600
CW011442,total_visits,-22,below_min,0,6600
CW012049,total_visits,-34,below_min,0,6600
CW012631,total_visits,-30,below_min,0,6600
CW012703,total_visits,-16,below_min,0,6600
CW012925,total_visits,-16,below_min,0,6600
CW013233,total_visits,-32,below_min,0,6600
CW013603,total_visits,-21,below_min,0,6600
CW013908,total_visits,-43,below_min,0,6600
CW013929,total_visits,-9,below_min,0,6600
CW014016,total_visits,-8,below_min,0,6600
CW014550,total_visits,-61,below_min,0,6600
CW000785,meeting_room_hours,-2.9,below_min,0,50000
CW003672,meeting_room_hours,-2.5,below_min,0,50000
CW004709,meeting_room_hours,-12.2,below_min,0,50000
CW006496,meeting_room_hours,-5.3,below_min,0,50000
CW006704,meeting_room_hours,-0.4,below_min,0,50000
CW007533,meeting_room_hours,-6.4,below_min,0,50000
CW008341,meeting_room_hours,-10.6,below_min,0,50000
CW008510,meeting_room_hours,-56.6,below_min,0,50000
CW010077,meeting_room_hours,-0.5,below_min,0,50000
CW010111,meeting_room_hours,-12.7,below_min,0,50000
CW012631,meeting_room_hours,-2.1,below_min,0,50000
CW012703,meeting_room_hours,-5.5,below_min,0,50000
CW012925,meeting_room_hours,-1.8,below_min,0,50000
CW013908,meeting_room_hours,-23.6,below_min,0,50000
CW013929,meeting_room_hours,-48.4,below_min,0,50000
CW014016,meeting_room_hours,-28.4,below_min,0,50000
CW002665,event_space_hours,-1.0,below_min,0,605
CW007860,event_space_hours,-8.2,below_min,0,605
CW008510,event_space_hours,-2.5,below_min,0,605
CW010111,event_space_hours,-6.7,below_min,0,605
CW011019,event_space_hours,-1.4,below_min,0,605
CW013908,event_space_hours,-5.5,below_min,0,605
CW013929,event_space_hours,-13.5,below_min,0,605
CW014016,event_space_hours,-4.1,below_min,0,605
CW002665,guest_passes_issued,-2.0,below_min,0,1000
CW006496,guest_passes_issued,-24.0,below_min,0,1000
CW007860,guest_passes_issued,-3.0,below_min,0,1000
CW010111,guest_passes_issued,-6.0,below_min,0,1000
CW012925,guest_passes_issued,-3.0,below_min,0,1000
CW013929,guest_passes_issued,-12.0,below_min,0,1000
CW014550,guest_passes_issued,-3.0,below_min,0,1000
CW000024,n_renewals,-3,below_min,0,7
CW000032,n_renewals,-1,below_min,0,7
CW000251,n_renewals,-2,below_min,0,7
CW000561,n_renewals,-1,below_min,0,7
CW000589,n_renewals,-2,below_min,0,7
CW000636,n_renewals,-3,below_min,0,7
CW000732,n_renewals,-1,below_min,0,7
CW000799,n_renewals,-3,below_min,0,7
CW001065,n_renewals,-2,below_min,0,7
CW001639,n_renewals,-2,below_min,0,7
CW002699,n_renewals,-1,below_min,0,7
CW002993,n_renewals,-3,below_min,0,7
CW003444,n_renewals,-3,below_min,0,7
CW015100,n_renewals,-2,below_min,0,7
CW004085,n_renewals,-3,below_min,0,7
CW004514,n_renewals,-3,below_min,0,7
CW004750,n_renewals,-3,below_min,0,7
CW004840,n_renewals,-2,below_min,0,7
CW005080,n_renewals,-3,below_min,0,7
CW005175,n_renewals,-1,below_min,0,7
CW005623,n_renewals,-2,below_min,0,7
CW005726,n_renewals,-1,below_min,0,7
CW006152,n_renewals,-2,below_min,0,7
CW007303,n_renewals,-3,below_min,0,7
CW007312,n_renewals,-3,below_min,0,7
CW007480,n_renewals,-3,below_min,0,7
CW007649,n_renewals,-2,below_min,0,7
CW007876,n_renewals,-3,below_min,0,7
CW007884,n_renewals,-3,below_min,0,7
CW008747,n_renewals,-2,below_min,0,7
CW008912,n_renewals,-1,below_min,0,7
CW009058,n_renewals,-3,below_min,0,7
CW009163,n_renewals,-3,below_min,0,7
CW009273,n_renewals,-1,below_min,0,7
CW009753,n_renewals,-1,below_min,0,7
CW010061,n_renewals,-2,below_min,0,7
CW010081,n_renewals,-2,below_min,0,7
CW010170,n_renewals,-1,below_min,0,7
CW010340,n_renewals,-3,below_min,0,7
CW010669,n_renewals,-2,below_min,0,7
CW010791,n_renewals,-3,below_min,0,7
CW010841,n_renewals,-3,below_min,0,7
CW010947,n_renewals,-2,below_min,0,7
CW011177,n_renewals,-1,below_min,0,7
CW011636,n_renewals,-3,below_min,0,7
CW011848,n_renewals,-3,below_min,0,7
CW011852,n_renewals,-1,below_min,0,7
CW011913,n_renewals,-2,below_min,0,7
CW012110,n_renewals,-2,below_min,0,7
CW012113,n_renewals,-3,below_min,0,7
CW012542,n_renewals,-3,below_min,0,7
CW012966,n_renewals,-2,below_min,0,7
CW013367,n_renewals,-2,below_min,0,7
CW013448,n_renewals,-1,below_min,0,7
CW013513,n_renewals,-3,below_min,0,7
CW013522,n_renewals,-1,below_min,0,7
CW013766,n_renewals,-3,below_min,0,7
CW013960,n_renewals,-1,below_min,0,7
CW015417,n_renewals,-1,below_min,0,7
CW014202,n_renewals,-2,below_min,0,7
CW014209,n_renewals,-1,below_min,0,7
CW014290,n_renewals,-3,below_min,0,7
CW014474,n_renewals,-2,below_min,0,7
CW014578,n_renewals,-2,below_min,0,7
CW014689,n_renewals,-3,below_min,0,7
CW014850,n_renewals,-3,below_min,0,7
CW000060,lifetime_value,-793.08,below_min,0,100000
CW000834,lifetime_value,-4245,below_min,0,100000
CW001088,lifetime_value,-6675.5,below_min,0,100000
CW001463,lifetime_value,-280.94,below_min,0,100000
CW001508,lifetime_value,-664.58,below_min,0,100000
CW001903,lifetime_value,-1291.1,below_min,0,100000
CW001951,lifetime_value,-120.38,below_min,0,100000
CW002020,lifetime_value,-431.55,below_min,0,100000
CW002175,lifetime_value,-344.49,below_min,0,100000
CW002665,lifetime_value,-340.23,below_min,0,100000
CW002891,lifetime_value,-414,below_min,0,100000
CW003235,lifetime_value,-339.98,below_min,0,100000
CW003531,lifetime_value,-376.94,below_min,0,100000
CW003837,lifetime_value,-5863.24,below_min,0,100000
CW004050,lifetime_value,-171.65,below_min,0,100000
CW004273,lifetime_value,-7410.37,below_min,0,100000
CW004440,lifetime_value,-227.47,below_min,0,100000
CW004537,lifetime_value,-481.16,below_min,0,100000
CW004630,lifetime_value,-111.94,below_min,0,100000
CW004709,lifetime_value,-2155.26,below_min,0,100000
CW004735,lifetime_value,-507.48,below_min,0,100000
CW004882,lifetime_value,-88.43,below_min,0,100000
CW015447,lifetime_value,-481.16,below_min,0,100000
CW005261,lifetime_value,-1100.71,below_min,0,100000
CW005333,lifetime_value,-3505.11,below_min,0,100000
CW005339,lifetime_value,-249.39,below_min,0,100000
CW005386,lifetime_value,-814.51,below_min,0,100000
CW005685,lifetime_value,-521.99,below_min,0,100000
CW005742,lifetime_value,-2148.72,below_min,0,100000
CW006163,lifetime_value,-9220.06,below_min,0,100000
CW006340,lifetime_value,-1818.75,below_min,0,100000
CW006398,lifetime_value,-840.74,below_min,0,100000
CW006463,lifetime_value,-636.87,below_min,0,100000
CW006496,lifetime_value,-1855.71,below_min,0,100000
CW006588,lifetime_value,-233.87,below_min,0,100000
CW006830,lifetime_value,-320.54,below_min,0,100000
CW006871,lifetime_value,-1053.88,below_min,0,100000
CW007021,lifetime_value,-662.26,below_min,0,100000
CW007030,lifetime_value,-225.56,below_min,0,100000
CW007321,lifetime_value,-228.89,below_min,0,100000
CW007395,lifetime_value,-7848.17,below_min,0,100000
CW007472,lifetime_value,-905.66,below_min,0,100000
CW007762,lifetime_value,-209.83,below_min,0,100000
CW007860,lifetime_value,-1156.87,below_min,0,100000
CW007921,lifetime_value,-936.6,below_min,0,100000
CW008341,lifetime_value,-1119.25,below_min,0,100000
CW008376,lifetime_value,-10160.82,below_min,0,100000
CW008418,lifetime_value,-243.2,below_min,0,100000
CW008510,lifetime_value,-2529.28,below_min,0,100000
CW009104,lifetime_value,-9380.16,below_min,0,100000
CW009358,lifetime_value,-684.63,below_min,0,100000
CW015018,lifetime_value,-171.65,below_min,0,100000
CW010077,lifetime_value,-250.52,below_min,0,100000
CW010111,lifetime_value,-1020.11,below_min,0,100000
CW010197,lifetime_value,-1466.31,below_min,0,100000
CW010648,lifetime_value,-11948.59,below_min,0,100000
CW010662,lifetime_value,-951.8,below_min,0,100000
CW011019,lifetime_value,-936.67,below_min,0,100000
CW011442,lifetime_value,-559.01,below_min,0,100000
CW011470,lifetime_value,-226.01,below_min,0,100000
CW011583,lifetime_value,-6292.11,below_min,0,100000
CW011821,lifetime_value,-4869.21,below_min,0,100000
CW012049,lifetime_value,-722.37,below_min,0,100000
CW012339,lifetime_value,-6303.99,below_min,0,100000
CW012631,lifetime_value,-510.81,below_min,0,100000
CW012777,lifetime_value,-551.73,below_min,0,100000
CW012974,lifetime_value,-3806.38,below_min,0,100000
CW013233,lifetime_value,-515.02,below_min,0,100000
CW013290,lifetime_value,-199.79,below_min,0,100000
CW013603,lifetime_value,-315.18,below_min,0,100000
CW013688,lifetime_value,-8488.54,below_min,0,100000
CW013692,lifetime_value,-209.27,below_min,0,100000
CW013823,lifetime_value,-9315.77,below_min,0,100000
CW013929,lifetime_value,-1704.35,below_min,0,100000
CW014016,lifetime_value,-865.52,below_min,0,100000
CW014400,lifetime_value,-327,below_min,0,100000
CW014410,lifetime_value,-301.69,below_min,0,100000
CW014550,lifetime_value,-1079.26,below_min,0,100000
CW014763,lifetime_value,-411.16,below_min,0,100000
CW014827,lifetime_value,-372.82,below_min,0,100000
CW000366,lifetime_value,1342807,above_max,0,100000
CW001030,lifetime_value,193955,above_max,0,100000
CW001332,lifetime_value,659184,above_max,0,100000
CW001578,lifetime_value,1861269,above_max,0,100000
CW001996,lifetime_value,664064,above_max,0,100000
CW002030,lifetime_value,480351,above_max,0,100000
CW015415,lifetime_value,246503,above_max,0,100000
CW002592,lifetime_value,266016,above_max,0,100000
CW003124,lifetime_value,198489,above_max,0,100000
CW003189,lifetime_value,1294678,above_max,0,100000
CW003248,lifetime_value,1044480,above_max,0,100000
CW003669,lifetime_value,189928,above_max,0,100000
CW003862,lifetime_value,256302,above_max,0,100000
CW003906,lifetime_value,232799,above_max,0,100000
CW004636,lifetime_value,150718.09,above_max,0,100000
CW004745,lifetime_value,246503,above_max,0,100000
CW004863,lifetime_value,431499,above_max,0,100000
CW005076,lifetime_value,1201221,above_max,0,100000
CW005743,lifetime_value,878005,above_max,0,100000
CW006074,lifetime_value,128431.81,above_max,0,100000
CW006530,lifetime_value,187085,above_max,0,100000
CW006545,lifetime_value,1215967,above_max,0,100000
CW015316,lifetime_value,659184,above_max,0,100000
CW007501,lifetime_value,212513,above_max,0,100000
CW007966,lifetime_value,272905,above_max,0,100000
CW008209,lifetime_value,3371260,above_max,0,100000
CW008600,lifetime_value,1247907,above_max,0,100000
CW008700,lifetime_value,443412,above_max,0,100000
CW008702,lifetime_value,291700,above_max,0,100000
CW009026,lifetime_value,1712153,above_max,0,100000
CW009446,lifetime_value,2181450,above_max,0,100000
CW010018,lifetime_value,316472,above_max,0,100000
CW010771,lifetime_value,1453134,above_max,0,100000
CW010830,lifetime_value,1154562,above_max,0,100000
CW011376,lifetime_value,471600,above_max,0,100000
CW012021,lifetime_value,1296617,above_max,0,100000
CW012034,lifetime_value,734531,above_max,0,100000
CW012406,lifetime_value,150829,above_max,0,100000
CW012530,lifetime_value,2532335,above_max,0,100000
CW012651,lifetime_value,2084722,above_max,0,100000
CW013362,lifetime_value,809123,above_max,0,100000
CW014131,lifetime_value,500478.88,above_max,0,100000
CW014269,lifetime_value,349192,above_max,0,100000
CW014340,lifetime_value,1290001,above_max,0,100000
CW014426,lifetime_value,738080,above_max,0,100000
CW014592,lifetime_value,861919,above_max,0,100000
