,n_missing,fraction_missing
meeting_room_hours,1311,0.08485436893203883
guest_passes_issued,1276,0.08258899676375404
lifetime_value,1169,0.07566343042071197
age,700,0.045307443365695796
industry,693,0.044854368932038834
n_colleagues_on_account,565,0.03656957928802589
gender,530,0.0343042071197411
country,429,0.027766990291262134
plan_tier,105,0.006796116504854369
n_renewals,66,0.004271844660194175
days_since_last_visit,56,0.0036245954692556634
plan_days_per_week,54,0.003495145631067961
total_visits,42,0.0027184466019417475
event_space_hours,8,0.000517799352750809
